law_id,state,bill_number,title,enactment_date,effective_date,status,primary_source_url,local_text_path,source_format,transport_policy,expected_raw_sha256,expected_text_marker,amends_law_id,inactive_from_date,superseded_by_law_id,mixed_effective_dates,collection_status,notes
CA-2025-SB243,CA,SB243,Companion Chatbots,2025-10-13,2026-01-01,enacted,https://leginfo.legislature.ca.gov/faces/billTextClient.xhtml?bill_id=202520260SB243,data/raw/full/CA-2025-SB243.txt,html,strict,,,,,,true,ready,Chapter 677; core duties begin 2026-01-01 and reporting begins 2027-07-01
CA-2025-AB853,CA,AB853,California AI Transparency Act Amendments,2025-10-13,2026-08-02,enacted,https://leginfo.legislature.ca.gov/faces/billTextClient.xhtml?bill_id=202520260AB853,data/raw/full/CA-2025-AB853.txt,html,strict,,,CA-2024-SB942,,,false,ready,Chapter 674; amended transparency act operative 2026-08-02
CA-2024-AB2013,CA,AB2013,Generative AI Training Data Transparency,2024-09-28,2026-01-01,enacted,https://leginfo.legislature.ca.gov/faces/billTextClient.xhtml?bill_id=202320240AB2013,data/raw/full/CA-2024-AB2013.txt,html,strict,,,,,,false,ready,Public training-data disclosure
CA-2025-AB316,CA,AB316,Artificial Intelligence Defenses,2025-10-13,2026-01-01,enacted,https://leginfo.legislature.ca.gov/faces/billTextClient.xhtml?bill_id=202520260AB316,data/raw/full/CA-2025-AB316.txt,html,strict,,,,,,false,ready,AI-specific liability-defense and scope rule
CA-2025-AB489,CA,AB489,Health Care Professions AI Deceptive Terms,2025-10-11,2026-01-01,enacted,https://leginfo.legislature.ca.gov/faces/billTextClient.xhtml?bill_id=202520260AB489,data/raw/full/CA-2025-AB489.txt,html,strict,,,,,,false,ready,Health-profession representation restriction
CA-2025-SB53,CA,SB53,Transparency in Frontier Artificial Intelligence Act,2025-09-29,2026-01-01,enacted,https://leginfo.legislature.ca.gov/faces/billTextClient.xhtml?bill_id=202520260SB53,data/raw/full/CA-2025-SB53.txt,html,strict,,,,,,true,ready,Frontier safety law with mixed operative dates
CA-2024-AB3030,CA,AB3030,Health Care Services Artificial Intelligence,2024-09-28,2025-01-01,enacted,https://leginfo.legislature.ca.gov/faces/billTextClient.xhtml?bill_id=202320240AB3030,data/raw/full/CA-2024-AB3030.txt,html,strict,,,,,,false,ready,Patient-facing generative AI disclosure
CO-2026-SB189,CO,SB26-189,Automated Decision-Making Technology,2026-05-14,2026-05-14,enacted,https://leg.colorado.gov/bill_files/116489/download,data/raw/full/CO-2026-SB189.txt,pdf,strict,,,CO-2024-SB205,,,true,ready,Repeal and reenactment; many duties begin 2027-01-01
CO-2026-HB1263,CO,HB26-1263,Conversational AI Service Operator Requirements,2026-05-29,2027-01-01,enacted,https://leg.colorado.gov/bill_files/116851/download,data/raw/full/CO-2026-HB1263.txt,pdf,strict,,,,,,false,ready,Substantive operator requirements begin 2027-01-01
CT-2023-SB1103,CT,SB1103,Public Act 23-16,2023-06-07,2023-06-07,enacted,https://cga.ct.gov/2023/act/PA/PDF/2023PA-00016-r00sb-01103-pa.pdf,data/raw/full/CT-2023-SB1103.txt,pdf,official_host_tls_fallback,2bfb035054c6399424eaba95bb7cf3abc3fdfefaa97dcb95eef9d4590a5c586a,Public Act No. 23-16,,,,true,ready,State-agency AI duties have mixed dates
CT-2025-SB1295,CT,SB1295,Public Act 25-113,2025-06-24,2026-07-01,enacted,https://cga.ct.gov/2025/act/Pa/pdf/2025PA-00113-R00SB-01295-PA.PDF,data/raw/full/CT-2025-SB1295.txt,pdf,official_host_tls_fallback,,Public Act No. 25-113,,,,true,ready,Omnibus privacy act; AI profiling sections principally effective 2026-07-01
CT-2026-SB5,CT,SB5,Public Act 26-15,2026-05-27,2026-05-27,enacted,https://cga.ct.gov/2026/act/Pa/pdf/2026PA-00015-R00SB-00005-PA.PDF,data/raw/full/CT-2026-SB5.txt,pdf,official_host_tls_fallback,,Public Act No. 26-15,,,,true,ready,Large online-safety and AI act with mixed operative dates
IL-2024-HB3773,IL,HB3773,Public Act 103-0804,2024-08-09,2026-01-01,enacted,https://www.ilga.gov/legislation/PublicActs/View/103-0804,data/raw/full/IL-2024-HB3773.txt,html,strict,,,,,,false,ready,Employment AI discrimination and notice
IL-2025-HB1806,IL,HB1806,Wellness and Oversight for Psychological Resources Act,2025-08-01,2026-01-01,enacted,https://www.ilga.gov/legislation/PublicActs/View/104-0054,data/raw/full/IL-2025-HB1806.txt,html,strict,,,,,,false,ready,Therapy AI restrictions consent and permitted uses
ME-2025-LD1727,ME,LD1727,AI Chatbot Consumer Disclosure,2025-06-20,2025-09-23,enacted,https://legislature.maine.gov/legis/statutes/10/title10sec1500-DD.html,data/raw/full/ME-2025-LD1727.txt,html,strict,,,,,,false,ready,Codified official statute section
MD-2025-HB820,MD,HB820,Health Insurance Utilization Review AI,2025-05-20,2025-10-01,enacted,https://mgaleg.maryland.gov/2025RS/Chapters_noln/CH_747_hb0820t.pdf,data/raw/full/MD-2025-HB820.txt,pdf,strict,,,,,,false,ready,Chapter 747 health utilization-review AI safeguards
MN-2024-HF4757,MN,HF4757,Minnesota Consumer Data Privacy Act,2024-05-24,2025-07-31,enacted,https://www.revisor.mn.gov/laws/2024/0/121/laws.5.13.0,data/raw/full/MN-2024-HF4757.txt,html,strict,,,,,,true,ready,Chapter 121 includes profiling explanation and challenge rights
MT-2025-SB212,MT,SB212,Right to Compute Act,2025-04-16,2025-04-16,enacted,https://archive.legmt.gov/content/Sessions/69th/Contractor_index/CH0150.pdf,data/raw/full/MT-2025-SB212.txt,pdf,strict,,,,,,false,ready,Critical infrastructure AI risk-management policy
MT-2025-HB178,MT,HB178,Government Use of Artificial Intelligence Systems,2025-05-08,2025-10-01,enacted,https://archive.legmt.gov/content/Sessions/69th/Contractor_index/CH0427.pdf,data/raw/full/MT-2025-HB178.txt,pdf,strict,,,,,,false,ready,Government use disclosure prohibition and human review
NE-2026-LB525,NE,LB525,Conversational Artificial Intelligence Safety Act,2026-04-14,2027-07-01,enacted,https://nebraskalegislature.gov/FloorDocs/109/PDF/Slip/LB525.pdf,data/raw/full/NE-2026-LB525.txt,pdf,strict,,,,,,false,ready,AI chatbot sections 12-18 operative 2027-07-01
NH-2025-HB143,NH,HB143,Responsive Generative Communication with Children,2025-08-01,2026-01-01,enacted,https://gc.nh.gov/bill_status/legacy/bs2016/billText.aspx?id=339&sy=2025&txtFormat=html,data/raw/full/NH-2025-HB143.txt,html,strict,,,,,,false,ready,Child-harm restriction and civil enforcement
NV-2025-AB406,NV,AB406,Artificial Intelligence in Mental and Behavioral Health,2025-06-09,2025-10-01,enacted,https://www.leg.state.nv.us/Session/83rd2025/Bills/AB/AB406.pdf,data/raw/full/NV-2025-AB406.txt,pdf,strict,,,,,,false,ready,Mental-health AI restrictions
NV-2025-AB325,NV,AB325,Artificial Intelligence Emergency Decisions,2025-05-30,2025-10-01,enacted,https://www.leg.state.nv.us/Session/83rd2025/Bills/AB/AB325_EN.pdf,data/raw/full/NV-2025-AB325.txt,pdf,strict,,,,,,false,ready,Government emergency and utility final-decision safeguards
NY-2026-S8828,NY,S8828,RAISE Act Chapter Amendment,2026-03-27,2027-01-01,enacted,https://legislation.nysenate.gov/pdf/bills/2025/S8828,data/raw/full/NY-2026-S8828.txt,pdf,strict,,,,NY-2025-S6953,,,false,ready,Controlling frontier-model chapter amendment
NY-2026-A10008C,NY,A10008C,FY27 Transportation Economic Development and Environmental Conservation Budget,2026-05-26,,enacted,https://legislation.nysenate.gov/pdf/bills/2025/A10008C,data/raw/full/NY-2026-A10008C.txt,pdf,strict,,,,,,true,ready,Omnibus act includes minor platform and integrated AI companion controls; effective dates must be resolved by row
OR-2026-SB1546,OR,SB1546,Artificial Intelligence Companions,2026-04-07,2027-01-01,enacted,https://olis.oregonlegislature.gov/liz/2026R1/Downloads/MeasureDocument/SB1546/Enrolled,data/raw/full/OR-2026-SB1546.txt,pdf,strict,,,,,,false,ready,Chapter 85; chatbot obligations
RI-2026-S2195,RI,S2195,Artificial Intelligence Companion Models,2026-06-29,2027-01-01,enacted,https://webserver.rilegislature.gov/BillText/BillText26/SenateText26/S2195.pdf,data/raw/full/RI-2026-S2195.txt,pdf,strict,,,,,,false,ready,Official bill text; final enactment status independently cross-checked
TX-2025-HB149,TX,HB149,Texas Responsible Artificial Intelligence Governance Act,2025-06-22,2026-01-01,enacted,https://capitol.texas.gov/tlodocs/89R/billtext/html/HB00149F.htm,data/raw/full/TX-2025-HB149.txt,html,strict,,,,,,false,ready,TRAIGA enrolled text
TX-2025-SB1188,TX,SB1188,Health Care Artificial Intelligence,2025-06-20,2025-09-01,enacted,https://capitol.texas.gov/tlodocs/89R/billtext/html/SB01188F.htm,data/raw/full/TX-2025-SB1188.txt,html,strict,,,,,,false,ready,Health AI disclosure and review safeguards
TX-2025-SB815,TX,SB815,Automated Health Benefit Claim Decisions,2025-06-20,2025-09-01,enacted,https://capitol.texas.gov/tlodocs/89R/billtext/html/SB00815F.htm,data/raw/full/TX-2025-SB815.txt,html,strict,,,,,,false,ready,Health claim automated decision restrictions
TX-2025-SB1964,TX,SB1964,Government Use of Artificial Intelligence Systems,2025-06-20,2025-09-01,enacted,https://capitol.texas.gov/tlodocs/89R/billtext/html/SB01964F.htm,data/raw/full/TX-2025-SB1964.txt,html,strict,,,,,,true,ready,Large government AI governance act with mixed operative dates
UT-2025-SB180,UT,SB180,Law Enforcement Usage of Artificial Intelligence,2025-03-25,2025-05-07,enacted,https://le.utah.gov/Session/2025/bills/enrolled/SB0180.pdf,data/raw/full/UT-2025-SB180.txt,pdf,strict,,,,,,false,ready,Law-enforcement policy disclosure and human review
WA-2026-HB2225,WA,ESHB2225,Artificial Intelligence Companion Chatbots,2026-03-24,2027-01-01,enacted,https://lawfilesext.leg.wa.gov/biennium/2025-26/Htm/Bills/Session%20Laws/House/2225-S.SL.htm,data/raw/full/WA-2026-HB2225.txt,html,strict,,,,,,false,ready,Chapter 168 Laws of 2026
